column,num_comparisons,cosine_similarity,cosine_similarity_tfidf,levenshtein_distance,edit_distance,edit_distance_normalized,jaccard_similarity_unigram,jaccard_similarity_bigram
address,5,0.8764877638133554,0.8128446623392579,3.6,3.6,0.08903654485049833,0.8111111111111111,0.8694767441860465
key,5,1.0,1.0,0.0,0.0,0.0,1.0,1.0
email,5,1.0,1.0,0.0,0.0,0.0,1.0,1.0
phone,5,1.0,1.0,0.6,0.6,0.0375,0.8,0.8857142857142858
description,5,0.8615574833302709,0.7884332351488921,8.0,8.0,0.16473984381292048,0.7964285714285715,0.8755847953216375
name,5,0.7932652990377573,0.6849599516085622,5.0,5.0,0.2669799498746867,0.6666666666666666,0.6844203646370829
